/*
Navicat MySQL Data Transfer

Source Server         : BWG
Source Server Version : 50173
Source Host           : 107.182.177.241:3306
Source Database       : shadowsocks

Target Server Type    : MYSQL
Target Server Version : 50173
File Encoding         : 65001

Date: 2016-01-09 22:31:05
*/

SET FOREIGN_KEY_CHECKS=0;

-- ----------------------------
-- Table structure for account
-- ----------------------------
DROP TABLE IF EXISTS `account`;
CREATE TABLE `account` (
  `id` int(11) NOT NULL AUTO_INCREMENT,
  `serverid` int(11) NOT NULL,
  `containerid` varchar(255) NOT NULL,
  `port` int(11) NOT NULL,
  `password` varchar(255) NOT NULL,
  `userid` int(11) NOT NULL,
  `createtime` datetime DEFAULT NULL,
  `expiretime` datetime DEFAULT NULL,
  `cycle` tinyint(1) NOT NULL DEFAULT '0',
  `active` tinyint(1) NOT NULL DEFAULT '0',
  `firstprice` decimal(12,2) DEFAULT NULL,
  `recurringprice` decimal(12,2) NOT NULL DEFAULT '20.00',
  PRIMARY KEY (`id`),
  KEY `server` (`serverid`),
  KEY `user` (`userid`),
  CONSTRAINT `server` FOREIGN KEY (`serverid`) REFERENCES `server` (`id`),
  CONSTRAINT `user` FOREIGN KEY (`userid`) REFERENCES `user` (`id`)
) ENGINE=InnoDB AUTO_INCREMENT=101 DEFAULT CHARSET=utf8;

-- ----------------------------
-- Records of account
-- ----------------------------
INSERT INTO `account` VALUES ('11', '1', '', '0', '', '1', '2015-01-29 05:40:20', null, '1', '0', null, '0.00');
INSERT INTO `account` VALUES ('12', '1', '', '0', '', '1', '2015-01-29 05:42:21', null, '1', '0', null, '0.00');
INSERT INTO `account` VALUES ('13', '1', '', '0', '', '1', '2015-01-29 05:42:23', null, '3', '0', null, '0.00');
INSERT INTO `account` VALUES ('14', '1', '', '0', '', '1', '2015-01-29 05:46:13', null, '3', '0', null, '0.00');
INSERT INTO `account` VALUES ('15', '1', '', '0', '', '1', '2015-01-31 09:02:35', '2015-03-03 09:02:35', '1', '0', null, '0.00');
INSERT INTO `account` VALUES ('16', '1', '', '0', '', '1', '2015-01-31 09:06:54', '2015-05-01 08:06:54', '2', '0', null, '0.00');
INSERT INTO `account` VALUES ('17', '1', '', '0', '', '1', '2015-01-31 09:11:04', '2015-03-03 09:11:04', '1', '0', null, '0.00');
INSERT INTO `account` VALUES ('18', '1', '', '0', '', '1', '2015-01-31 09:12:12', '2015-05-01 08:12:12', '2', '0', null, '0.00');
INSERT INTO `account` VALUES ('19', '1', '', '0', '', '1', '2015-01-31 09:22:58', '2016-01-31 09:22:58', '3', '0', null, '0.00');
INSERT INTO `account` VALUES ('20', '1', '', '0', '', '1', '2015-01-31 14:35:06', '2015-05-01 12:35:06', '2', '0', null, '0.00');
INSERT INTO `account` VALUES ('21', '1', '', '0', '', '1', '2015-01-31 14:39:36', '2015-05-01 12:39:36', '2', '0', null, '0.00');
INSERT INTO `account` VALUES ('22', '1', '', '0', '', '1', '2015-01-31 14:50:35', '2015-05-01 12:50:35', '2', '0', null, '0.00');
INSERT INTO `account` VALUES ('23', '1', '', '0', '', '1', '2015-01-31 15:01:36', '2015-05-01 13:01:36', '2', '0', null, '0.00');
INSERT INTO `account` VALUES ('24', '1', '', '0', '', '1', '2015-01-31 10:18:18', '2015-05-01 09:18:18', '2', '0', null, '0.00');
INSERT INTO `account` VALUES ('25', '1', '', '0', '', '1', '2015-01-31 10:27:22', '2015-05-01 09:27:22', '2', '0', null, '0.00');
INSERT INTO `account` VALUES ('26', '1', '', '0', '', '1', '2015-01-31 10:30:47', '2015-05-01 09:30:47', '2', '0', null, '0.00');
INSERT INTO `account` VALUES ('27', '1', '', '0', '', '1', '2015-01-31 15:33:45', '2015-05-01 13:33:45', '2', '0', null, '0.00');
INSERT INTO `account` VALUES ('28', '1', '', '0', '', '1', '2015-01-31 14:20:54', '2015-03-03 14:20:54', '1', '0', null, '0.00');
INSERT INTO `account` VALUES ('29', '1', '', '0', '', '1', '2015-01-31 19:21:52', '2015-03-03 19:21:52', '1', '0', null, '0.00');
INSERT INTO `account` VALUES ('30', '1', '', '0', '', '1', '2015-01-31 19:32:02', '2015-03-03 19:32:02', '1', '0', null, '0.00');
INSERT INTO `account` VALUES ('31', '1', '29168792929a63c0de6acb49181f9b20f790569c12564e7ce52b28737cb0037f', '49158', 'hTHctcuA', '1', '2015-01-31 19:35:38', '2015-03-03 19:35:38', '1', '0', null, '0.00');
INSERT INTO `account` VALUES ('32', '1', '', '0', '', '1', '2015-12-22 06:11:21', '2016-01-22 06:11:21', '1', '0', null, '0.00');
INSERT INTO `account` VALUES ('33', '1', '', '0', '', '1', '2015-12-22 06:48:17', '2016-01-22 06:48:17', '1', '0', null, '0.00');
INSERT INTO `account` VALUES ('34', '1', '', '0', '', '1', '2015-12-22 14:18:34', '2016-01-22 14:18:34', '1', '0', null, '0.00');
INSERT INTO `account` VALUES ('35', '1', '', '0', '', '1', '2015-12-22 14:21:11', '2016-01-22 14:21:11', '1', '0', null, '0.00');
INSERT INTO `account` VALUES ('36', '1', '', '0', '', '1', '2015-12-22 14:22:58', '2016-01-22 14:22:58', '1', '0', null, '0.00');
INSERT INTO `account` VALUES ('37', '1', '', '0', '', '1', '2015-12-22 14:42:25', '2016-01-22 14:42:25', '1', '0', null, '0.00');
INSERT INTO `account` VALUES ('38', '1', '', '0', '', '1', '2015-12-22 14:44:54', '2016-01-22 14:44:54', '1', '0', null, '0.00');
INSERT INTO `account` VALUES ('39', '1', '', '0', '', '1', '2015-12-22 14:45:56', '2016-01-22 14:45:56', '1', '0', null, '0.00');
INSERT INTO `account` VALUES ('40', '1', '', '0', '', '1', '2015-12-22 14:56:22', '2016-01-22 14:56:22', '1', '0', null, '0.00');
INSERT INTO `account` VALUES ('41', '1', '', '0', '', '1', '2015-12-23 09:32:03', '2016-01-23 09:32:03', '1', '0', null, '0.00');
INSERT INTO `account` VALUES ('42', '1', '', '0', '', '1', '2015-12-23 10:35:50', '2016-01-23 10:35:50', '1', '0', null, '0.00');
INSERT INTO `account` VALUES ('43', '1', '', '0', '', '1', '2015-12-23 10:43:58', '2016-01-23 10:43:58', '1', '0', null, '0.00');
INSERT INTO `account` VALUES ('44', '1', '', '0', '', '1', '2015-12-23 11:08:10', '2016-01-23 11:08:10', '1', '0', null, '0.00');
INSERT INTO `account` VALUES ('45', '1', '', '0', '', '1', '2015-12-23 11:10:17', '2016-01-23 11:10:17', '1', '0', null, '0.00');
INSERT INTO `account` VALUES ('46', '1', '', '0', '', '1', '2015-12-23 11:12:51', '2016-01-23 11:12:51', '1', '0', null, '0.00');
INSERT INTO `account` VALUES ('47', '1', '', '0', '', '1', '2015-12-23 11:14:51', '2016-01-23 11:14:51', '1', '0', null, '0.00');
INSERT INTO `account` VALUES ('48', '1', '', '0', '', '1', '2015-12-23 13:16:11', '2016-01-23 13:16:11', '1', '0', null, '0.00');
INSERT INTO `account` VALUES ('49', '1', '', '0', '', '1', '2015-12-23 16:33:30', '2016-01-23 16:33:30', '1', '0', null, '0.00');
INSERT INTO `account` VALUES ('50', '1', '', '0', '', '1', '2015-12-23 16:36:55', '2016-01-23 16:36:55', '1', '0', null, '0.00');
INSERT INTO `account` VALUES ('51', '1', '', '0', '', '1', '2015-12-23 16:37:25', '2016-01-23 16:37:25', '1', '0', null, '0.00');
INSERT INTO `account` VALUES ('52', '1', '', '0', '', '1', '2015-12-24 07:12:29', '2016-01-24 07:12:29', '1', '0', null, '0.00');
INSERT INTO `account` VALUES ('53', '1', '', '0', '', '1', '2015-12-24 07:12:30', '2016-01-24 07:12:29', '1', '0', null, '0.00');
INSERT INTO `account` VALUES ('54', '1', '', '0', '', '1', '2015-12-24 07:16:59', '2016-01-24 07:16:59', '1', '0', null, '0.00');
INSERT INTO `account` VALUES ('55', '1', '', '0', '', '1', '2015-12-24 08:40:59', '2016-01-24 08:40:59', '1', '0', null, '0.00');
INSERT INTO `account` VALUES ('56', '1', '', '0', '', '1', '2015-12-24 09:11:17', '2016-01-24 09:11:17', '1', '0', null, '0.00');
INSERT INTO `account` VALUES ('57', '1', '', '0', '', '1', '2015-12-24 11:55:49', '2016-01-24 11:55:49', '1', '0', null, '0.00');
INSERT INTO `account` VALUES ('58', '1', '', '0', '', '1', '2015-12-24 12:11:47', '2016-01-24 12:11:47', '1', '0', null, '0.00');
INSERT INTO `account` VALUES ('59', '1', '', '0', '', '1', '2015-12-24 12:35:48', '2016-01-24 12:35:48', '1', '0', null, '0.00');
INSERT INTO `account` VALUES ('60', '1', '', '0', '', '1', '2015-12-24 12:51:18', '2016-01-24 12:51:18', '1', '0', null, '0.00');
INSERT INTO `account` VALUES ('61', '1', '', '0', '', '1', '2015-12-24 12:54:33', '2016-01-24 12:54:33', '1', '0', null, '0.00');
INSERT INTO `account` VALUES ('62', '1', '', '0', '', '1', '2015-12-24 13:27:39', '2016-01-24 13:27:39', '1', '0', null, '0.00');
INSERT INTO `account` VALUES ('63', '1', '', '0', '', '1', '2015-12-24 13:48:44', '2016-01-24 13:48:44', '1', '0', null, '0.00');
INSERT INTO `account` VALUES ('64', '1', '', '0', '', '1', '2015-12-24 16:12:47', '2016-01-24 16:12:47', '1', '0', null, '0.00');
INSERT INTO `account` VALUES ('65', '1', '', '0', '', '1', '2015-12-25 02:19:31', '2016-01-25 02:19:31', '1', '0', null, '0.00');
INSERT INTO `account` VALUES ('66', '1', '', '0', '', '1', '2015-12-25 02:24:30', '2016-01-25 02:24:30', '1', '0', null, '0.00');
INSERT INTO `account` VALUES ('67', '1', '', '0', '', '1', '2015-12-25 04:27:06', '2016-01-25 04:27:06', '1', '0', null, '0.00');
INSERT INTO `account` VALUES ('68', '1', '', '0', '', '1', '2015-12-25 04:35:01', '2016-01-25 04:35:01', '1', '0', null, '0.00');
INSERT INTO `account` VALUES ('69', '1', '', '0', '', '1', '2015-12-25 04:40:16', '2016-01-25 04:40:16', '1', '0', null, '0.00');
INSERT INTO `account` VALUES ('70', '1', '', '0', '', '1', '2015-12-25 09:45:31', '2016-01-25 09:45:31', '1', '0', null, '0.00');
INSERT INTO `account` VALUES ('71', '1', '', '0', '', '1', '2015-12-25 04:49:11', '2016-01-25 04:49:11', '1', '0', null, '0.00');
INSERT INTO `account` VALUES ('72', '1', '', '0', '', '1', '2015-12-25 04:53:28', '2016-01-25 04:53:28', '1', '0', null, '0.00');
INSERT INTO `account` VALUES ('73', '1', '', '0', '', '1', '2015-12-25 04:56:48', '2016-01-25 04:56:48', '1', '0', null, '0.00');
INSERT INTO `account` VALUES ('74', '1', '', '0', '', '1', '2015-12-25 05:01:46', '2016-01-25 05:01:46', '1', '0', null, '0.00');
INSERT INTO `account` VALUES ('75', '1', '', '0', '', '1', '2015-12-25 05:14:24', '2016-01-25 05:14:24', '1', '0', null, '0.00');
INSERT INTO `account` VALUES ('76', '1', '', '0', '', '1', '2015-12-25 05:26:08', '2016-01-25 05:26:08', '1', '0', null, '0.00');
INSERT INTO `account` VALUES ('77', '1', '', '0', '', '1', '2015-12-25 05:32:24', '2016-01-25 05:32:24', '1', '0', null, '0.00');
INSERT INTO `account` VALUES ('78', '1', '', '0', '', '1', '2015-12-25 05:33:54', '2016-01-25 05:33:54', '1', '0', null, '0.00');
INSERT INTO `account` VALUES ('79', '1', '', '0', '', '1', '2015-12-25 05:37:17', '2016-01-25 05:37:17', '1', '0', null, '0.00');
INSERT INTO `account` VALUES ('80', '1', '', '0', '', '1', '2015-12-25 10:52:22', '2016-01-25 10:52:22', '1', '0', null, '0.00');
INSERT INTO `account` VALUES ('81', '1', '', '0', '', '1', '2015-12-25 06:16:43', '2016-01-25 06:16:43', '1', '0', null, '0.00');
INSERT INTO `account` VALUES ('82', '1', '', '0', '', '1', '2015-12-25 07:17:44', '2016-01-25 07:17:44', '1', '0', null, '0.00');
INSERT INTO `account` VALUES ('83', '3', '', '0', '', '1', '2016-01-02 16:13:32', '2016-02-02 16:13:32', '1', '0', '0.10', '0.10');
INSERT INTO `account` VALUES ('84', '3', '', '0', '', '1', '2016-01-02 16:49:50', '2016-02-02 16:49:50', '1', '0', '0.10', '0.10');
INSERT INTO `account` VALUES ('85', '3', '', '0', '', '1', '2016-01-02 17:05:15', '2016-02-02 17:05:15', '1', '0', '0.10', '0.10');
INSERT INTO `account` VALUES ('86', '3', '', '0', '', '1', '2016-01-02 17:06:38', '2016-02-02 17:06:38', '1', '0', '0.10', '0.10');
INSERT INTO `account` VALUES ('87', '3', 'df1423e673341e2ac17af79ea113677a302ff9568b8a3beff906e6f11858f243', '9001', 'iCMRAjWw', '1', '2016-01-02 17:16:56', '2016-02-02 17:16:56', '1', '1', '0.10', '0.10');
INSERT INTO `account` VALUES ('88', '1', '', '0', '', '1', '2016-01-03 10:51:00', '2016-02-03 10:51:00', '1', '0', '20.00', '20.00');
INSERT INTO `account` VALUES ('89', '1', '', '0', '', '1', '2016-01-03 10:51:17', '2016-02-03 10:51:17', '1', '0', '20.00', '20.00');
INSERT INTO `account` VALUES ('90', '1', '', '0', '', '1', '2016-01-03 10:52:11', '2016-02-03 10:52:11', '1', '0', '20.00', '20.00');
INSERT INTO `account` VALUES ('91', '4', '', '0', '', '4', '2016-01-03 17:11:49', '2016-02-03 17:11:49', '1', '0', '0.20', '0.20');
INSERT INTO `account` VALUES ('92', '4', '4fa6134385f911e1b35a643e781f7a5d192963c40f1697485b5afd6d838474f9', '9000', 'XVlBzgba', '4', '2016-01-03 22:17:57', '2016-02-03 22:17:57', '1', '1', '0.20', '0.20');
INSERT INTO `account` VALUES ('95', '6', '6b3fe2aee62df86a1556c719e357515f410cbd41d26f8c237b184115e17e2e2b', '9000', 'XVlBzgba', '4', '2016-01-04 17:46:17', '2016-02-04 17:46:17', '1', '1', '0.10', '0.10');
INSERT INTO `account` VALUES ('97', '6', 'e7a29a459421cc51f42cb5e215704b75f7436fedb6cda7660d460d4008436331', '9009', 'iCMRAjWw', '4', '2016-01-04 18:02:46', '2016-02-04 18:02:46', '1', '1', '0.10', '0.10');
INSERT INTO `account` VALUES ('98', '6', '', '0', '', '4', '2016-01-04 18:16:26', '2016-02-04 18:16:26', '1', '0', '0.10', '0.10');
INSERT INTO `account` VALUES ('99', '6', '966442cc2a91a575db52fbb9758ad161ed5a1681093a054077c0c88d8955b44c', '9010', 'HNzZpsUN', '4', '2016-01-04 18:17:28', '2016-02-04 18:17:28', '1', '1', '0.10', '0.10');
INSERT INTO `account` VALUES ('100', '6', '607cee65ef18bc562a41345b004dc3606c629b2ee046480e340010c83b68a56b', '9011', 'miezLcJh', '8', '2016-01-07 15:10:44', '2016-02-07 15:10:44', '1', '1', '0.10', '0.10');

-- ----------------------------
-- Table structure for bill
-- ----------------------------
DROP TABLE IF EXISTS `bill`;
CREATE TABLE `bill` (
  `id` int(11) NOT NULL AUTO_INCREMENT,
  `accountid` int(11) NOT NULL,
  `price` decimal(12,2) NOT NULL,
  `createtime` datetime NOT NULL,
  `expiretime` datetime NOT NULL,
  `ispaid` tinyint(1) NOT NULL DEFAULT '0',
  `active` tinyint(1) NOT NULL DEFAULT '1' COMMENT '1有效0无效',
  `payno` varchar(25) NOT NULL,
  PRIMARY KEY (`id`),
  KEY `acc` (`accountid`)
) ENGINE=MyISAM AUTO_INCREMENT=99 DEFAULT CHARSET=utf8;

-- ----------------------------
-- Records of bill
-- ----------------------------
INSERT INTO `bill` VALUES ('9', '11', '20.00', '2015-01-29 05:40:20', '0000-00-00 00:00:00', '0', '1', '1422510020');
INSERT INTO `bill` VALUES ('10', '12', '20.00', '2015-01-29 05:42:22', '0000-00-00 00:00:00', '0', '1', '1422510141');
INSERT INTO `bill` VALUES ('11', '13', '100.00', '2015-01-29 05:42:23', '0000-00-00 00:00:00', '0', '1', '1422510141');
INSERT INTO `bill` VALUES ('12', '14', '100.00', '2015-01-29 05:46:14', '0000-00-00 00:00:00', '0', '1', '1422510373');
INSERT INTO `bill` VALUES ('13', '15', '20.00', '2015-01-31 09:02:35', '2015-02-05 09:02:35', '0', '1', '1422694955');
INSERT INTO `bill` VALUES ('14', '16', '40.00', '2015-01-31 09:06:54', '2015-02-05 09:06:54', '0', '1', '1422695214');
INSERT INTO `bill` VALUES ('15', '17', '20.00', '2015-01-31 09:11:04', '2015-02-05 09:11:04', '0', '1', '1422695464');
INSERT INTO `bill` VALUES ('16', '18', '40.00', '2015-01-31 09:12:12', '2015-02-05 09:12:12', '0', '1', '1422695532');
INSERT INTO `bill` VALUES ('17', '19', '100.00', '2015-01-31 09:22:58', '2015-02-05 09:22:58', '0', '1', '1422696178');
INSERT INTO `bill` VALUES ('18', '20', '0.00', '0000-00-00 00:00:00', '0000-00-00 00:00:00', '1', '1', '');
INSERT INTO `bill` VALUES ('19', '21', '0.00', '0000-00-00 00:00:00', '0000-00-00 00:00:00', '1', '1', '');
INSERT INTO `bill` VALUES ('20', '22', '0.00', '0000-00-00 00:00:00', '0000-00-00 00:00:00', '1', '1', '');
INSERT INTO `bill` VALUES ('21', '23', '0.00', '0000-00-00 00:00:00', '0000-00-00 00:00:00', '1', '1', '');
INSERT INTO `bill` VALUES ('22', '24', '40.00', '2015-01-31 10:18:18', '2015-02-05 10:18:18', '0', '1', '1422699498');
INSERT INTO `bill` VALUES ('23', '25', '40.00', '2015-01-31 10:27:22', '2015-02-05 10:27:22', '0', '1', '1422700042');
INSERT INTO `bill` VALUES ('24', '26', '40.00', '2015-01-31 10:30:47', '2015-02-05 10:30:47', '0', '1', '1422700247');
INSERT INTO `bill` VALUES ('25', '27', '0.00', '0000-00-00 00:00:00', '0000-00-00 00:00:00', '1', '1', '');
INSERT INTO `bill` VALUES ('26', '28', '20.00', '2015-01-31 14:20:54', '2015-02-05 14:20:54', '0', '1', '1422714054');
INSERT INTO `bill` VALUES ('27', '29', '0.00', '0000-00-00 00:00:00', '0000-00-00 00:00:00', '1', '1', '');
INSERT INTO `bill` VALUES ('28', '30', '0.00', '0000-00-00 00:00:00', '0000-00-00 00:00:00', '1', '1', '');
INSERT INTO `bill` VALUES ('29', '31', '0.00', '0000-00-00 00:00:00', '0000-00-00 00:00:00', '1', '1', '');
INSERT INTO `bill` VALUES ('30', '32', '20.00', '2015-12-22 06:11:21', '2015-12-27 06:11:21', '0', '1', '1450764681');
INSERT INTO `bill` VALUES ('31', '33', '20.00', '2015-12-22 06:48:17', '2015-12-27 06:48:17', '0', '1', '1450766897');
INSERT INTO `bill` VALUES ('32', '34', '20.00', '2015-12-22 14:18:35', '2015-12-27 14:18:34', '0', '1', '1450793914');
INSERT INTO `bill` VALUES ('33', '35', '20.00', '2015-12-22 14:21:11', '2015-12-27 14:21:11', '0', '1', '1450794071');
INSERT INTO `bill` VALUES ('34', '36', '20.00', '2015-12-22 14:22:59', '2015-12-27 14:22:58', '0', '1', '1450794178');
INSERT INTO `bill` VALUES ('35', '37', '20.00', '2015-12-22 14:42:25', '2015-12-27 14:42:25', '0', '1', '1450795345');
INSERT INTO `bill` VALUES ('36', '38', '20.00', '2015-12-22 14:44:54', '2015-12-27 14:44:54', '0', '1', '1450795494');
INSERT INTO `bill` VALUES ('37', '39', '20.00', '2015-12-22 14:45:56', '2015-12-27 14:45:56', '0', '1', '1450795556');
INSERT INTO `bill` VALUES ('38', '40', '20.00', '2015-12-22 14:56:22', '2015-12-27 14:56:22', '0', '1', '1450796182');
INSERT INTO `bill` VALUES ('39', '41', '20.00', '2015-12-23 09:32:03', '2015-12-28 09:32:03', '0', '1', '1450863123');
INSERT INTO `bill` VALUES ('40', '42', '20.00', '2015-12-23 10:35:51', '2015-12-28 10:35:50', '0', '1', '1450866950');
INSERT INTO `bill` VALUES ('41', '43', '20.00', '2015-12-23 10:43:58', '2015-12-28 10:43:58', '0', '1', '1450867438');
INSERT INTO `bill` VALUES ('42', '44', '20.00', '2015-12-23 11:08:11', '2015-12-28 11:08:10', '0', '1', '1450868890');
INSERT INTO `bill` VALUES ('43', '45', '20.00', '2015-12-23 11:10:17', '2015-12-28 11:10:17', '0', '1', '1450869017');
INSERT INTO `bill` VALUES ('44', '46', '20.00', '2015-12-23 11:12:52', '2015-12-28 11:12:51', '0', '1', '1450869171');
INSERT INTO `bill` VALUES ('45', '47', '20.00', '2015-12-23 11:14:52', '2015-12-28 11:14:51', '0', '1', '1450869291');
INSERT INTO `bill` VALUES ('46', '48', '20.00', '2015-12-23 13:16:12', '2015-12-28 13:16:11', '0', '1', '1450876571');
INSERT INTO `bill` VALUES ('47', '49', '20.00', '2015-12-23 16:33:30', '2015-12-28 16:33:30', '0', '1', '1450888410');
INSERT INTO `bill` VALUES ('48', '50', '20.00', '2015-12-23 16:36:55', '2015-12-28 16:36:55', '0', '1', '1450888615');
INSERT INTO `bill` VALUES ('49', '51', '20.00', '2015-12-23 16:37:25', '2015-12-28 16:37:25', '0', '1', '1450888645');
INSERT INTO `bill` VALUES ('50', '52', '20.00', '2015-12-24 07:12:29', '2015-12-29 07:12:29', '0', '1', '1450941149');
INSERT INTO `bill` VALUES ('51', '53', '20.00', '2015-12-24 07:12:30', '2015-12-29 07:12:29', '0', '1', '1450941149');
INSERT INTO `bill` VALUES ('52', '54', '20.00', '2015-12-24 07:16:59', '2015-12-29 07:16:59', '0', '1', '1450941419');
INSERT INTO `bill` VALUES ('53', '55', '20.00', '2015-12-24 08:40:59', '2015-12-29 08:40:59', '0', '1', '1450946459');
INSERT INTO `bill` VALUES ('54', '56', '20.00', '2015-12-24 09:11:17', '2015-12-29 09:11:17', '0', '1', '1450948277');
INSERT INTO `bill` VALUES ('55', '57', '20.00', '2015-12-24 11:55:49', '2015-12-29 11:55:49', '0', '1', '1450958149');
INSERT INTO `bill` VALUES ('56', '58', '20.00', '2015-12-24 12:11:47', '2015-12-29 12:11:47', '0', '1', '1450959107');
INSERT INTO `bill` VALUES ('57', '59', '20.00', '2015-12-24 12:35:48', '2015-12-29 12:35:48', '0', '1', '1450960548');
INSERT INTO `bill` VALUES ('58', '60', '20.00', '2015-12-24 12:51:18', '2015-12-29 12:51:18', '0', '1', '1450961478');
INSERT INTO `bill` VALUES ('59', '61', '20.00', '2015-12-24 12:54:33', '2015-12-29 12:54:33', '0', '1', '1450961673');
INSERT INTO `bill` VALUES ('60', '62', '20.00', '2015-12-24 13:27:39', '2015-12-29 13:27:39', '0', '1', '1450963659');
INSERT INTO `bill` VALUES ('61', '63', '20.00', '2015-12-24 13:48:44', '2015-12-29 13:48:44', '0', '1', '1450964924');
INSERT INTO `bill` VALUES ('62', '64', '20.00', '2015-12-24 16:12:47', '2015-12-29 16:12:47', '0', '1', '1450973567');
INSERT INTO `bill` VALUES ('63', '65', '20.00', '2015-12-25 02:19:31', '2015-12-30 02:19:31', '0', '1', '1451009971');
INSERT INTO `bill` VALUES ('64', '66', '20.00', '2015-12-25 02:24:30', '2015-12-30 02:24:30', '0', '1', '1451010270');
INSERT INTO `bill` VALUES ('65', '67', '20.00', '2015-12-25 04:27:06', '2015-12-30 04:27:06', '0', '1', '1451017626');
INSERT INTO `bill` VALUES ('66', '68', '20.00', '2015-12-25 04:35:01', '2015-12-30 04:35:01', '0', '1', '1451018101');
INSERT INTO `bill` VALUES ('67', '69', '20.00', '2015-12-25 04:40:16', '2015-12-30 04:40:16', '0', '1', '1451018416');
INSERT INTO `bill` VALUES ('68', '70', '0.00', '0000-00-00 00:00:00', '0000-00-00 00:00:00', '1', '1', '');
INSERT INTO `bill` VALUES ('69', '71', '20.00', '2015-12-25 04:49:11', '2015-12-30 04:49:11', '0', '1', '1451018951');
INSERT INTO `bill` VALUES ('70', '72', '20.00', '2015-12-25 04:53:28', '2015-12-30 04:53:28', '0', '1', '1451019208');
INSERT INTO `bill` VALUES ('71', '73', '20.00', '2015-12-25 04:56:48', '2015-12-30 04:56:48', '0', '1', '1451019408');
INSERT INTO `bill` VALUES ('72', '74', '20.00', '2015-12-25 05:01:46', '2015-12-30 05:01:46', '0', '1', '1451019706');
INSERT INTO `bill` VALUES ('73', '75', '20.00', '2015-12-25 05:14:24', '2015-12-30 05:14:24', '0', '1', '1451020464');
INSERT INTO `bill` VALUES ('74', '76', '20.00', '2015-12-25 05:26:08', '2015-12-30 05:26:08', '0', '1', '1451021168');
INSERT INTO `bill` VALUES ('75', '77', '20.00', '2015-12-25 05:32:24', '2015-12-30 05:32:24', '0', '1', '1451021544');
INSERT INTO `bill` VALUES ('76', '78', '20.00', '2015-12-25 05:33:54', '2015-12-30 05:33:54', '0', '1', '1451021634');
INSERT INTO `bill` VALUES ('77', '79', '20.00', '2015-12-25 05:37:17', '2015-12-30 05:37:17', '0', '1', '1451021837');
INSERT INTO `bill` VALUES ('78', '80', '0.00', '0000-00-00 00:00:00', '0000-00-00 00:00:00', '1', '1', '');
INSERT INTO `bill` VALUES ('79', '81', '20.00', '2015-12-25 06:16:43', '2015-12-30 06:16:43', '0', '1', '1451024203');
INSERT INTO `bill` VALUES ('80', '82', '20.00', '2015-12-25 07:17:44', '2015-12-30 07:17:44', '0', '1', '1451027864');
INSERT INTO `bill` VALUES ('81', '83', '0.00', '0000-00-00 00:00:00', '0000-00-00 00:00:00', '1', '1', '');
INSERT INTO `bill` VALUES ('82', '84', '0.00', '0000-00-00 00:00:00', '0000-00-00 00:00:00', '1', '1', '');
INSERT INTO `bill` VALUES ('83', '85', '0.00', '0000-00-00 00:00:00', '0000-00-00 00:00:00', '1', '1', '');
INSERT INTO `bill` VALUES ('84', '86', '0.00', '0000-00-00 00:00:00', '0000-00-00 00:00:00', '1', '1', '');
INSERT INTO `bill` VALUES ('85', '87', '0.00', '0000-00-00 00:00:00', '0000-00-00 00:00:00', '1', '1', '');
INSERT INTO `bill` VALUES ('86', '88', '20.00', '2016-01-03 10:51:00', '2016-01-08 10:51:00', '0', '1', '1451818260');
INSERT INTO `bill` VALUES ('87', '89', '20.00', '2016-01-03 10:51:17', '2016-01-08 10:51:17', '0', '1', '1451818277');
INSERT INTO `bill` VALUES ('88', '90', '20.00', '2016-01-03 10:52:11', '2016-01-08 10:52:11', '0', '1', '1451818331');
INSERT INTO `bill` VALUES ('89', '91', '0.20', '2016-01-03 17:11:49', '2016-01-08 17:11:49', '0', '1', '1451841109');
INSERT INTO `bill` VALUES ('90', '92', '0.00', '0000-00-00 00:00:00', '0000-00-00 00:00:00', '1', '1', '');
INSERT INTO `bill` VALUES ('91', '93', '0.00', '0000-00-00 00:00:00', '0000-00-00 00:00:00', '1', '1', '');
INSERT INTO `bill` VALUES ('92', '94', '0.00', '0000-00-00 00:00:00', '0000-00-00 00:00:00', '1', '1', '');
INSERT INTO `bill` VALUES ('93', '95', '0.00', '0000-00-00 00:00:00', '0000-00-00 00:00:00', '1', '1', '');
INSERT INTO `bill` VALUES ('94', '96', '0.00', '0000-00-00 00:00:00', '0000-00-00 00:00:00', '1', '1', '');
INSERT INTO `bill` VALUES ('95', '97', '0.00', '0000-00-00 00:00:00', '0000-00-00 00:00:00', '1', '1', '');
INSERT INTO `bill` VALUES ('96', '98', '0.00', '0000-00-00 00:00:00', '0000-00-00 00:00:00', '1', '1', '');
INSERT INTO `bill` VALUES ('97', '99', '0.00', '0000-00-00 00:00:00', '0000-00-00 00:00:00', '1', '1', '');
INSERT INTO `bill` VALUES ('98', '100', '0.10', '2016-01-07 15:10:44', '2016-01-12 15:10:44', '1', '0', '1452161444');

-- ----------------------------
-- Table structure for server
-- ----------------------------
DROP TABLE IF EXISTS `server`;
CREATE TABLE `server` (
  `id` int(11) NOT NULL AUTO_INCREMENT,
  `ip` varchar(255) NOT NULL,
  `port` int(11) NOT NULL,
  `auth` varchar(255) NOT NULL,
  `location` varchar(255) DEFAULT NULL,
  `title` varchar(255) DEFAULT NULL,
  `description` varchar(255) DEFAULT NULL,
  `month` decimal(12,2) DEFAULT '20.00',
  `quarter` decimal(12,2) DEFAULT NULL,
  `year` decimal(12,2) DEFAULT NULL,
  `amount` int(11) DEFAULT NULL,
  `have` int(11) DEFAULT NULL,
  `isonline` tinyint(1) DEFAULT '0',
  PRIMARY KEY (`id`),
  KEY `ip` (`ip`)
) ENGINE=InnoDB AUTO_INCREMENT=7 DEFAULT CHARSET=utf8;

-- ----------------------------
-- Records of server
-- ----------------------------
INSERT INTO `server` VALUES ('1', '198.12.87.172', '8080', 'LoveWYN1008', 'Seattle', 'Shadowsocks.com 普通版第四期', '3 个美国节点，分别位于 Fremont 和 Los Angeles，高带宽|4 个亚洲节点，分别位于新加坡和日本，低延迟|不限制流量|同一时间同一个账号仅限一个终端使用，如需多个账号请联系销售部门获取优惠。', '20.00', '40.00', '100.00', '20', '0', '0');
INSERT INTO `server` VALUES ('3', '45.124.65.111', '8081', 'LoveWYN1008', 'HKServer', 'Test HK', '测试描述', '0.10', '20.00', '200.00', '20', '9', '0');
INSERT INTO `server` VALUES ('4', '45.124.65.10', '8081', 'LoveWYN1008', 'HongKong香港', 'GFW404.com 内测香港', 'GFW404内测啦！香港服务器，1G端口，高宽带|香港softlayer机房，低延迟|不限流量，不限客户端|内测仅需0.2元每月，请勿季付或年付', '0.20', '50.00', '200.00', '20', '1', '1');
INSERT INTO `server` VALUES ('6', '23.95.33.111', '8081', 'LoveWYN10086', 'Los Angeles洛杉矶', 'GFW404.com 内测美国西海岸', 'GFW404内测啦！美国西海岸服务器，1G端口，高宽带|洛杉矶Quadranet机房，低延迟|不限流量，不限客户端|内测仅需0.1元每月，请勿季付或年付', '0.10', '30.00', '100.00', '22', '4', '1');

-- ----------------------------
-- Table structure for user
-- ----------------------------
DROP TABLE IF EXISTS `user`;
CREATE TABLE `user` (
  `id` int(11) NOT NULL AUTO_INCREMENT,
  `username` varchar(255) NOT NULL,
  `password` varchar(255) NOT NULL,
  `email` varchar(255) DEFAULT NULL,
  `firstname` varchar(32) DEFAULT NULL,
  `lastname` varchar(32) DEFAULT NULL,
  `company` varchar(32) DEFAULT NULL,
  `address1` varchar(64) DEFAULT NULL,
  `address2` varchar(64) DEFAULT NULL,
  `city` varchar(64) DEFAULT NULL,
  `province` varchar(64) DEFAULT NULL,
  `zipcode` varchar(32) DEFAULT NULL,
  `country` varchar(32) DEFAULT NULL,
  `mobile` varchar(64) DEFAULT NULL,
  `issubscribe` tinyint(4) NOT NULL DEFAULT '0',
  PRIMARY KEY (`id`)
) ENGINE=InnoDB AUTO_INCREMENT=9 DEFAULT CHARSET=utf8;

-- ----------------------------
-- Records of user
-- ----------------------------
INSERT INTO `user` VALUES ('1', '看传奇', '19901124', 'surpesb@163.com', null, null, null, null, null, null, null, null, null, null, '0');
INSERT INTO `user` VALUES ('2', 'helloworld', '123456', '123@123.com', null, null, null, null, null, null, null, null, null, null, '0');
INSERT INTO `user` VALUES ('3', 'lelekan', 'kanchuanqi', '981088636@qq.com', null, null, null, null, null, null, null, null, null, null, '0');
INSERT INTO `user` VALUES ('4', 'alexkan', '19901124', 'kanchuanqi@gmail.com', 'alex', 'kan', 'tqq', 'Berliner Dom Am Lustgarten', '', 'Am Lustgarten', 'Berlin', '10178', 'DE', '', '0');
INSERT INTO `user` VALUES ('7', 'ChuanqiKan', '19901124', '799770174@qq.com', 'Chuanqi', 'Kan', '', '800 Dongchuan Road, Minhang District', 'Shanghai Jiao Tong University, Software School 5320', 'Shanghai', 'Shanghai', '200240', 'CN', '', '0');
INSERT INTO `user` VALUES ('8', 'beiyongbei', '19901124', 'beiyong_1@yeah.net', 'beiyong', 'bei', '', '', '', '', '', '', 'CN', '', '0');
